Question,Answer
"What is AI?","AI is the simulation of human intelligence in machines."
"What is Machine Learning?","Machine Learning is a subset of AI where machines learn patterns from data."
"What is NLP?","Natural Language Processing enables machines to understand human language."
"What is Deep Learning?","Deep Learning is a type of machine learning using neural networks with multiple layers."
"What is Python?","Python is a high-level programming language widely used in AI and data science."
"What is Flask?","Flask is a lightweight web framework for Python used to build web applications."
"What is FAISS?","FAISS is a library for efficient similarity search and clustering of dense vectors."
