question,answer
What documents do I need for international travel?,You usually need a passport, visa, travel insurance, and confirmed tickets.
What is the best time to visit Turkey?,April to June and September to November are the best months to visit Turkey.
How can I find the cheapest flights?,Book early, use incognito mode, compare prices on Skyscanner, and avoid weekends.
What should I pack for a beach trip?,Pack sunscreen, sunglasses, flip flops, hat, towel, and light clothes.
How do I choose a safe hotel?,Check reviews, location ratings, security features, and look for verified properties.
